0,mevcudat,0.389
1,bahane,0.334
1,teklif,0.36
2,eser,0.227
2,takım,0.228
2,tefsir,0.295
3,kanıt,0.46
3,varlık,0.38
4,işaret,0.362
4,tabir,0.414
5,alvar,0.327
6,aşama,0.302
6,işlev,0.33
6,mertebe,0.33
7,tekfir,0.798
8,fürek,0.315
8,sufi,0.275
8,tefsir,0.305
9,ders,0.407
9,öğrenci,0.43
10,stil,0.405
10,öğretmek,0.442
11,ahlaki,0.257
11,bireysel,0.28
11,sorun,0.392
12,tefsir,0.677
13,calışaları,0.275
13,ceştli,0.275
13,umran,0.275
13,zaman,0.27
14,ahlak,0.582
15,fıkıh,0.496
16,antropoloji,0.303
16,insan,0.348
16,mutezile,0.374
17,bulmak,0.275
17,musiki,0.237
17,muziğin,0.271
17,ontolojik,0.237
18,evren,0.407
19,bölüm,0.416
19,hac,0.26
19,sefer,0.26
20,bilinç,0.552
20,düalizm,0.298
21,anlayış,0.309
21,hâdis,0.291
21,müslüman,0.244
22,kurra,0.308
22,kıraat,0.308
22,tecvîd,0.308
23,hâdis,0.305
23,namaz,0.338
24,dönem,0.292
24,eğitim,0.248
24,yaş,0.369
25,halife,0.558
26,fetva,0.579
26,hukuk,0.26
27,türkistan,0.53
28,eser,0.529
29,bölme,0.225
29,bölümlemek,0.337
29,sembol,0.225
30,sosyoloji,0.751
31,dindar,0.462
31,umut,0.412
32,oruç,0.59
33,adam,0.24
33,devlet,0.304
33,haçlı,0.313
34,kitap,0.334
34,yaratmak,0.293
35,cok,0.406
36,divan,0.317
36,düşünce,0.363
37,cami,0.398
37,hizmet,0.395
37,yaş,0.451
38,ders,0.393
38,öğrenmek,0.388
39,bid,0.283
39,ebu,0.262
39,kol,0.283
39,rafız,0.283
40,burç,0.798
41,hakikat,0.357
41,şeria,0.385
42,hz,0.603
43,değer,0.34
43,eser,0.374
44,eğitim,0.386
44,hollânda,0.348
44,okul,0.435
45,anlayış,0.383
45,özgü,0.377
46,dil,0.645
47,fetva,0.639
48,belâgat,0.356
48,sanat,0.363
48,toplum,0.392
49,ayet,0.419
49,bağlam,0.315
49,parça,0.304
50,göz,0.222
50,ittifak,0.232
50,kahraman,0.232
50,kaybetmek,0.222
50,savaş,0.222
51,fars,0.339
51,hikâye,0.407
52,tasnif,0.601
53,manzume,0.512
54,osmanlı,0.527
55,tiyatro,0.617
56,ahenk,0.34
56,fasıla,0.34
56,fonetik,0.34
57,cazibe,0.503
58,konferans,0.308
58,savunmak,0.386
58,özet,0.286
59,modern,0.593
59,özne,0.385
60,değişim,0.334
60,eleştiri,0.423
60,gelişmek,0.383
61,alınmak,0.352
62,halife,0.299
62,ömer,0.392
63,haram,0.341
63,hastalık,0.322
63,rasyonel,0.341
64,beddua,0.311
64,peygamber,0.355
65,günah,0.543
65,işlemek,0.281
66,ayna,0.313
66,eşya,0.338
66,imge,0.338
66,şiir,0.298
67,tasvir,0.454
68,bn,0.338
68,faris,0.573
69,bahsetmek,0.22
69,başkan,0.233
69,edep,0.28
69,yazar,0.214
69,yönetmek,0.233
70,şahsiyet,0.492
71,bâbertî,0.38
71,insan,0.413
72,fıtrî,0.316
72,tatmin,0.341
73,düşünce,0.291
73,materyalizm,0.38
74,zekât,0.504
75,tecrübe,0.775
76,adli,0.389
76,muhakeme,0.288
76,tıp,0.432
77,tercüme,0.522
78,din,0.301
78,psikolog,0.418
79,abs,0.325
79,anter,0.401
80,hatay,0.368
80,yöre,0.341
81,akif,0.515
82,ayin,0.332
82,mevlevi,0.332
82,sema,0.332
83,an,0.294
83,kur,0.294
83,kâme,0.295
83,türev,0.295
84,ekol,0.491
84,metot,0.371
85,hassa,0.388
85,şair,0.262
85,şiir,0.257
86,farabi,0.243
86,mantık,0.262
86,tıp,0.243
86,yıl,0.241
87,atasözü,0.482
87,eğitim,0.44
88,çocuk,0.475
88,öldürmek,0.44
89,alim,0.301
89,ekol,0.284
90,bulûğ,0.353
90,yeti,0.353
90,çocuk,0.334
91,bilmek,0.372
91,eser,0.312
92,delil,0.485
92,suç,0.342
93,ari,0.296
93,eş,0.399
93,gazal,0.32
94,güney,0.238
94,kabile,0.215
94,kays,0.257
95,kabbânî,0.452
96,an,0.403
96,kur,0.403
97,başlamak,0.208
97,müslüman,0.215
97,olay,0.208
97,örgüt,0.259
98,ali,0.455
98,hz,0.3
98,vali,0.309
99,renk,0.722
100,kelâm,0.401
100,varlık,0.485
101,sistem,0.299
101,ulaşmak,0.313
102,yaratmak,0.468
103,medeniyet,0.441
103,ümit,0.441
104,mut,0.427
105,kurtarmak,0.335
105,organ,0.488
106,faaliyet,0.359
106,yazı,0.399
107,mezhep,0.27
107,soru,0.27
107,su,0.223
107,şi,0.24
108,sohbet,0.512
109,kurum,0.427
109,okul,0.461
110,adap,0.369
110,kural,0.342
111,anlam,0.306
111,kelime,0.444
112,hâdis,0.39
112,rivayet,0.557
113,muhteva,0.359
113,sıralamak,0.287
113,tasnif,0.345
114,amaç,0.239
114,egitim,0.265
114,toplum,0.348
115,abdullah,0.373
115,oğul,0.537
116,tabya,0.586
117,ilâhe,0.336
117,sa,0.294
118,gece,0.445
118,masal,0.445
119,fark,0.314
119,ırk,0.297
120,metin,0.325
120,tahrifat,0.335
121,abduh,0.375
121,tekâmül,0.348
122,gelenek,0.322
122,slam,0.253
122,tehâfüt,0.381
122,tehâfütler,0.254
123,egitim,0.412
123,yetişkin,0.471
124,silâh,0.369
124,vatan,0.512
125,halife,0.435
125,hâdis,0.349
126,coğrafya,0.261
126,eser,0.42
127,kabile,0.343
128,konu,0.348
128,kur,0.325
129,güç,0.319
129,yetki,0.394
130,dergi,0.46
130,fakülte,0.434
131,kast,0.285
131,sünnet,0.282
131,uygulamak,0.332
132,kader,0.456
133,din,0.364
133,kurum,0.261
134,keyd,0.339
134,mekr,0.339
135,intihal,0.393
136,mesel,0.634
137,kelime,0.391
138,taftâzânî,0.557
139,azerbaycan,0.425
139,güney,0.425
140,zikir,0.696
141,zahir,0.457
142,basmak,0.281
142,meddah,0.303
143,iman,0.481
143,inanmak,0.401
144,kitap,0.51
144,semavi,0.431
145,ayet,0.298
145,tefsir,0.421
146,yorumlamak,0.376
147,davet,0.845
148,kıssa,0.597
149,kırgızistan,0.604
150,teknoloji,0.572
151,yıl,0.628
152,allakat,0.302
152,liste,0.288
152,şiir,0.342
153,evlilik,0.269
153,nişan,0.462
154,filozof,0.546
154,ölüm,0.491
155,tanrı,0.293
155,varlık,0.337
155,yaratmak,0.381
156,başka,0.211
156,dış,0.211
156,gelişmek,0.191
156,inanç,0.222
156,kitap,0.185
156,saymak,0.228
157,elçi,0.252
157,eğilim,0.252
157,oryantalist,0.302
158,kelime,0.321
158,mana,0.381
158,sıkça,0.317
159,hâdis,0.394
159,mesele,0.33
160,idrak,0.338
160,olgu,0.296
160,sembolizm,0.338
161,hukuk,0.356
161,merginânî,0.335
161,sistem,0.332
162,hikâye,0.387
163,an,0.297
163,felâket,0.298
163,kur,0.297
164,dil,0.462
164,kelâm,0.207
164,mahluk,0.194
165,vezin,0.674
166,tanrı,0.736
167,akif,0.27
167,fikir,0.327
167,ikbal,0.291
167,mehmed,0.27
167,şair,0.295
168,hâdis,0.523
168,mevzu,0.497
169,an,0.375
169,kur,0.375
170,hâdise,0.328
170,yorum,0.301
171,kilis,0.285
172,dua,0.613
173,ciddiyet,0.259
173,hâdis,0.234
173,sürekli,0.224
174,insaf,0.249
174,müsteşrik,0.347
174,ılım,0.249
175,anlaşmak,0.351
175,aşama,0.321
175,geçirmek,0.31
176,fi,0.377
176,sebîlillâh,0.406
177,müfessir,0.534
178,boşanma,0.458
179,risale,0.669
180,gelibolu,0.434
180,türbe,0.434
181,ister,0.291
181,miras,0.291
181,sanat,0.309
181,söz,0.267
